DATE,TIME,온도_PV(℃),온도_SV(℃),온도_MV(%),차압챔버(mmH2O),차압필터(mmH2O),모터챔버(Hz),쿨링챔버(Hz),MFC(ℓ/min),내부온도-1(℃),내부온도-2(℃),내부온도-3(℃),내부온도-4(℃),챔버_OT(℃),히터_OT(℃),O2_온도(℃),O2_EMF(mV),O2_ppm(ppm),차압챔버_SV(mmH2O),차압챔버_MV(%),차압챔버 운전상태
2020-06-26,10:40:20,156.4,149.9,0,-48.1,17.7,53.9,0,6.4,138.3,136.9,137.4,126.3,135.6,141.7,24,0,1000,35,45,11
2020-06-26,10:40:30,156,128,0,-0.8,22.3,53.9,0,226.3,138.2,136.9,137.3,126.2,135.5,143.7,24,0,1000,35,45,11
2020-06-26,10:40:40,155.8,106,0,44.2,22.8,53.9,0,308,138.2,136.9,137.4,126.1,135.5,145.3,24,0,1000,35,51.9,9
2020-06-26,10:40:50,155.5,175,100,39.9,22.8,53.9,0,300.4,138.3,136.9,137.4,125.9,135.6,146.1,24,0,1000,35,48.4,9
2020-06-26,10:41:00,155.2,175,100,37.5,22.9,53.9,0,299.4,138.4,137,137.5,125.9,135.7,146.6,24,0,1000,35,47.6,9
2020-06-26,10:41:10,155,175,100,39.9,25.6,53.9,0,299,138.5,137.3,137.5,126,135.7,147.7,24,0,1000,35,47.8,9
2020-06-26,10:41:20,154.9,175,100,45.4,22.4,53.9,0,298.9,138.8,137.5,137.7,126.5,135.9,149.9,24,0,1000,35,47.4,9
2020-06-26,10:41:30,154.9,175,100,40.9,22.8,53.9,0,299.2,139,137.8,138,126.9,136,152.9,24,0,1000,35,48.1,9
2020-06-26,10:41:40,155.1,175,84.1,38.6,22.8,53.9,0,298.7,139.5,138.3,138.3,127.3,136.3,156.6,24,0,1000,35,47,9
2020-06-26,10:41:50,155.4,175,79.2,37,22.1,53.9,0,298.6,139.9,138.9,138.8,127.9,136.5,160.6,24,0,1000,35,46.6,9
2020-06-26,10:42:00,155.8,175,65.7,35.8,22.8,53.9,0,298.9,140.5,139.5,139.4,128.6,136.9,164.4,24,0,1000,35,46.1,9
2020-06-26,10:42:10,156.2,175,64.9,32.6,22.5,53.9,0,299.1,141.1,140.2,140,129.2,137.3,167.9,24,0,1000,35,45.5,9
2020-06-26,10:42:20,156.7,175,56.7,31.5,22.5,53.9,0,298.5,141.8,141,140.7,130.1,137.8,171,24,0,1000,35,45.4,9
2020-06-26,10:42:30,157.3,175,52.9,24.8,24.9,53.9,0,298.6,142.7,141.9,141.5,131.2,138.2,173.6,24,0,1000,35,47.7,9
2020-06-26,10:42:40,157.9,175,53.7,22.7,22.5,53.9,0,299,143.5,142.7,142.4,132,138.7,175.1,24,0,1000,35,46.4,9
2020-06-26,10:42:50,158.4,175,58.8,28.1,22.1,53.9,0,299,144.3,143.7,143.2,132.8,139.1,177,24,0,1000,35,45.8,9
2020-06-26,10:43:00,159.1,175,54.2,31.5,22,53.9,0,299.3,145,144.5,144,133.5,139.5,178.4,24,0,1000,35,46.3,9
2020-06-26,10:43:10,159.7,175,48.5,40.2,26.9,53.9,0,298.8,145.8,145.4,144.8,134.6,140,179.4,24,0,1000,35,48.8,9
2020-06-26,10:43:20,160.2,175,66.8,49.8,22,53.9,0,298.9,146.9,146.3,145.9,135.9,140.4,180.4,24,0,1000,35,48.1,9
2020-06-26,10:43:30,160.8,175,61.6,44.2,22,53.9,0,299.2,147.6,147.2,146.7,136.7,140.9,181.1,24,0,1000,35,48.7,9
2020-06-26,10:43:40,161.6,175,31.8,40.9,21.9,53.9,0,299.3,148.3,147.9,147.4,137.5,141.3,181.8,24,0,1000,35,48.3,9
2020-06-26,10:43:50,162.2,175,35.8,40,22.4,53.9,0,299.5,149,148.7,148.2,138.2,141.7,182.9,24,0,1000,35,47.9,9
2020-06-26,10:44:00,162.9,175,37.4,37.8,22.8,53.9,0,299.4,149.7,149.4,149,139,142.1,183.7,24,0,1000,35,46.8,9
2020-06-26,10:44:10,163.6,175,30.8,35.7,22,53.9,0,299.3,150.3,150.1,149.6,139.7,142.5,184.3,24,0,1000,35,44.9,9
2020-06-26,10:44:20,164.2,175,42.7,43.3,26.6,53.9,0,299.5,151,150.8,150.4,140.5,142.9,184.5,24,0,1000,35,47.6,9
2020-06-26,10:44:30,164.7,175,48.2,39.1,22,53.9,0,299.3,151.6,151.6,151.2,141.2,143.2,184,24,0,1000,35,50.4,9
2020-06-26,10:44:40,165.3,175,41.6,42.6,26.2,53.9,0,299.5,152.1,152.2,151.7,141.8,143.6,183.7,24,0,1000,35,50.6,9
2020-06-26,10:44:50,165.8,175,49.3,43,22,53.9,0,299.4,152.7,152.8,152.5,142.5,144,183.7,24,0,1000,35,52.6,9
2020-06-26,10:45:00,166.4,175,39.3,35.6,22.6,53.9,0,299.1,153.2,153.4,153,143.2,144.3,183.4,24,0,1000,35,49.1,9
2020-06-26,10:45:10,166.8,175,41.9,34.4,21.8,53.9,0,299.4,153.7,153.8,153.6,143.8,144.6,183.8,24,0,1000,35,47.7,9
2020-06-26,10:45:20,167.3,175,35.2,35.6,22,53.9,0,299.2,154.1,154.4,154.1,144.3,144.9,184.3,24,0,1000,35,47.8,9
2020-06-26,10:45:30,167.8,175,33.9,37.4,22,53.9,0,299.5,154.6,154.8,154.6,144.8,145.2,184.6,24,0,1000,35,47.9,9
2020-06-26,10:45:40,168.2,175,43.9,39.2,22,53.9,0,299.6,154.9,155.3,155,145.4,145.5,184.5,24,0,1000,35,48.2,9
2020-06-26,10:45:50,168.6,175,38.5,40,22,53.9,0,299.4,155.4,155.7,155.4,145.9,145.8,184.5,24,0,1000,35,48.1,9
2020-06-26,10:46:00,169.1,175,36.5,40,23,53.9,0,299.5,155.7,156.1,155.8,146.3,146.1,184.5,24,0,1000,35,47.9,9
2020-06-26,10:46:10,169.2,175,55.4,43,27.8,53.9,0,299.1,156.5,156.6,156.7,147.5,146.4,184.3,24,0,1000,35,48.8,9
2020-06-26,10:46:20,169.3,175,100,35.5,23.1,53.9,0,299.5,156.9,156.9,157.3,148.2,146.8,184.2,24,0,1000,35,52.7,9
2020-06-26,10:46:30,169.7,175,55.1,37.5,22.4,53.9,0,299.4,157.2,157.2,157.5,148.5,147.2,184.4,24,0,1000,35,50.8,9
2020-06-26,10:46:40,170.2,175,0,34,22,53.9,0,299.5,157.5,157.7,157.8,148.8,147.4,185.5,24,0,1000,35,48.2,9
2020-06-26,10:46:50,170.7,175,0,33.1,22.3,53.9,0,299.5,157.8,158.1,158.1,149.3,147.7,186.9,24,0,1000,35,47.1,9
2020-06-26,10:47:00,171.1,175,4.3,32.9,21.5,53.9,0,299.5,158.1,158.5,158.5,149.7,148,186.7,24,0,1000,35,46.7,9
2020-06-26,10:47:10,171.5,175,19.5,34.1,22,53.9,0,299.7,158.5,158.9,158.8,149.9,148.3,186,24,0,1000,35,47.1,9
2020-06-26,10:47:20,171.9,175,22.8,35,22,53.9,0,299.3,158.7,159.2,159.1,150.1,148.5,185,24,0,1000,35,47,9
2020-06-26,10:47:30,172.1,175,35.8,34.6,26.1,53.9,0,299.4,159,159.5,159.5,150.4,148.8,183.8,24,0,1000,35,50.7,9
2020-06-26,10:47:40,172.5,175,33.9,27.6,22.5,53.9,0,299.5,159.1,159.7,159.7,150.5,149,183.1,24,0,1000,35,46.9,9
2020-06-26,10:47:50,172.7,175,25.9,33.8,22,53.9,0,299.5,159.2,159.9,159.9,150.7,149.3,182.3,24,0,1000,35,45.5,9
2020-06-26,10:48:00,172.9,175,31.7,32.8,22.4,53.9,0,299.3,159.4,160.1,160,150.8,149.4,181.7,24,0,1000,35,44.9,9
2020-06-26,10:48:10,173.1,175,32.3,31.8,22,53.9,0,299.1,159.4,160.2,160.1,150.9,149.6,181.3,24,0,1000,35,44.3,9
2020-06-26,10:48:20,173.2,175,37.1,31.6,21.9,53.9,0,299.3,159.6,160.4,160.2,151,149.7,181,24,0,1000,35,44.2,9
2020-06-26,10:48:30,173.4,175,38.3,34.6,22.2,53.9,0,299.2,159.8,160.6,160.6,151.4,149.9,180.8,24,0,1000,35,40.9,9
2020-06-26,10:48:40,173.5,175,37.9,32.2,22,53.9,0,299.2,159.9,160.6,160.6,151.5,150.1,180.5,24,0,1000,35,43,9
2020-06-26,10:48:50,173.7,175,34.3,20.6,22.7,53.9,0,299.1,160.1,160.8,160.7,151.8,150.3,180.3,24,0,1000,35,42.4,9
2020-06-26,10:49:00,173.9,175,31.1,25.4,22,53.9,0,299,160.2,161,160.9,151.9,150.5,180.4,24,0,1000,35,42.7,9
2020-06-26,10:49:10,174,175,27.1,30,22,53.9,0,299.5,160.3,161,161,152,150.6,180.5,24,0,1000,35,43.8,9
2020-06-26,10:49:20,174.2,175,25.2,31,22.6,53.9,0,299.5,160.4,161.2,161,152.1,150.8,180.7,24,0,1000,35,43.9,9
2020-06-26,10:49:30,174.3,175,23.9,30.5,22.8,53.9,0,299.5,160.6,161.3,161.1,152.3,151,180.6,24,0,1000,35,44,9
2020-06-26,10:49:40,174.6,175,20.5,30.1,22,53.9,0,299.5,160.6,161.4,161.1,152.5,151.1,180.5,24,0,1000,35,44.3,9
2020-06-26,10:49:50,174.6,175,24.1,33.2,28.1,53.9,0,299.4,160.9,161.5,161.5,153.1,151.3,180.1,24,0,1000,35,43.2,9
2020-06-26,10:50:00,174.5,175,29.2,35.2,21.6,53.9,0,299.5,161,161.6,161.7,153.4,151.6,179.4,24,0,1000,35,48.4,9
2020-06-26,10:50:10,174.7,175,26.5,36,22,53.9,0,299.6,161,161.7,161.7,153.4,151.7,179,24,0,1000,35,47.9,9
2020-06-26,10:50:20,174.8,175,20.1,28.6,23.4,53.9,0,299.1,161.1,161.8,161.7,153.6,151.9,178.8,24,0,1000,35,44.8,9
2020-06-26,10:50:30,174.9,175,17.7,31.5,22.5,53.9,0,299.4,161.1,161.8,161.8,153.6,152,178.5,24,0,1000,35,45.2,9
2020-06-26,10:50:40,175,175,18,31,21.9,53.9,0,298.8,161.1,161.9,161.8,153.6,152.1,177.9,24,0,1000,35,46,9
2020-06-26,10:50:50,175.1,175,14.5,31,22.7,53.9,0,299.2,161.1,162,161.8,153.6,152.2,177.7,24,0,1000,35,46,9
2020-06-26,10:51:00,175.2,175,15.8,31.1,22,53.9,0,299.2,161.1,162,161.8,153.5,152.3,177.3,24,0,1000,35,46.3,9
2020-06-26,10:51:10,175.2,175,16.5,32.8,22.4,53.9,0,299.5,161.1,162,161.7,153.5,152.4,177.1,24,0,1000,35,46.6,9
2020-06-26,10:51:20,175.3,175,14.5,32.5,22.1,53.9,0,299.2,161.1,162,161.7,153.5,152.6,176.4,24,0,1000,35,46.4,9
2020-06-26,10:51:30,175.3,175,17.8,33.1,22.2,53.9,0,299.3,161.1,162,161.7,153.5,152.6,176.2,24,0,1000,35,47.1,9
2020-06-26,10:51:40,175.3,175,17.2,33.5,22,53.9,0,299.4,161.1,162,161.6,153.4,152.7,175.8,24,0,1000,35,47.6,9
2020-06-26,10:51:50,175.3,175,18.6,37.1,26.1,53.9,0,299.3,161,162,161.6,153.4,152.8,175.2,24,0,1000,35,48.4,9
2020-06-26,10:52:00,175.3,175,17.6,35.5,22.3,53.9,0,299.3,161,161.9,161.6,153.5,152.9,174.6,24,0,1000,35,49,9
2020-06-26,10:52:10,175.3,175,18.5,35.3,22.1,53.9,0,299.4,160.9,161.8,161.5,153.4,152.9,174.2,24,0,1000,35,48.5,9
2020-06-26,10:52:20,175.2,175,20.1,35.3,22.1,53.9,0,299.6,160.9,161.7,161.4,153.3,153,173.8,24,0,1000,35,48.5,9
2020-06-26,10:52:30,175.2,175,19.1,35.8,22.5,53.9,0,299.2,160.8,161.7,161.3,153.2,153,173.5,24,0,1000,35,48.5,9
2020-06-26,10:52:40,175.1,175,20.9,36.5,22.2,53.9,0,299.4,160.7,161.7,161.3,153.2,153.1,173.1,24,0,1000,35,48.6,9
2020-06-26,10:52:50,175.1,175,19.7,39.5,22.9,53.9,0,299.1,160.6,161.6,161.2,153.3,153.2,172.6,24,0,1000,35,46.9,9
2020-06-26,10:53:00,175,175,21.5,38.7,22.8,53.9,0,299.5,160.6,161.5,161.1,153.2,153.2,172.6,24,0,1000,35,47.1,9
2020-06-26,10:53:10,175,175,21.1,37,22.4,53.9,0,299.5,160.6,161.5,161,153.1,153.3,172.3,24,0,1000,35,46.7,9
2020-06-26,10:53:20,175,175,20.8,36.7,22.2,53.9,0,299.3,160.5,161.4,161,153.2,153.4,172.1,24,0,1000,35,46.3,9
2020-06-26,10:53:30,175,175,18.9,37,22.6,53.9,0,299.5,160.5,161.3,160.9,153.1,153.4,172,24,0,1000,35,47,9
2020-06-26,10:53:40,174.9,175,22.5,36.4,22,53.9,0,299.3,160.4,161.3,160.8,153.1,153.5,171.9,24,0,1000,35,46.5,9
2020-06-26,10:53:50,174.8,175,22.3,36.9,22.6,53.9,0,299.2,160.4,161.2,160.8,153,153.6,171.9,24,0,1000,35,46.5,9
2020-06-26,10:54:00,174.8,175,22.7,35.4,22,53.9,0,299.3,160.3,161.2,160.7,153,153.6,171.7,24,0,1000,35,46.1,9
2020-06-26,10:54:10,174.8,175,21.5,33.7,22.3,53.9,0,299.6,160.3,161.1,160.7,153,153.7,171.7,24,0,1000,35,45.5,9
2020-06-26,10:54:20,174.7,175,22.7,34,22.2,53.9,0,299.3,160.2,161.1,160.6,153,153.7,171.8,24,0,1000,35,46.1,9
2020-06-26,10:54:30,174.7,175,22.9,33.7,22.6,53.9,0,299.1,160.2,161.1,160.6,153.1,153.7,171.8,24,0,1000,35,45.8,9
2020-06-26,10:54:40,174.7,175,21,33.1,22.8,53.9,0,299.1,160.2,161,160.5,153.2,153.8,171.9,24,0,1000,35,46.1,9
2020-06-26,10:54:50,174.7,175,23.5,31,22.4,53.9,0,298.9,160.2,161,160.5,153.1,153.8,172,24,0,1000,35,47,9
2020-06-26,10:55:00,174.7,175,24.2,38.8,22.8,53.9,0,299.1,160.2,161,160.5,153.3,153.9,172,24,0,1000,35,47.9,9
2020-06-26,10:55:10,174.6,175,24.5,41,27.3,53.9,0,299.2,160.3,161,160.6,153.6,154,172.3,24,0,1000,35,52.6,9
2020-06-26,10:55:20,174.6,175,24.7,38.3,28.3,53.9,0,299.2,160.4,161,160.6,153.6,154.1,172.4,24,0,1000,35,52.6,9
2020-06-26,10:55:30,174.5,175,27.9,32.4,22.9,53.9,0,299.2,160.6,161,160.7,154,154.2,172.4,24,0,1000,35,48.1,9
2020-06-26,10:55:40,174.6,175,25.9,33.1,22.1,53.9,0,298.9,160.5,161,160.7,154,154.3,172.5,24,0,1000,35,48.2,9
2020-06-26,10:55:50,174.6,175,24.4,33.6,22.1,53.9,0,299.2,160.5,161.1,160.7,154,154.4,172.8,24,0,1000,35,49.2,9
2020-06-26,10:56:00,174.6,175,23,36.1,22.6,53.9,0,299.3,160.5,161.1,160.7,154,154.4,173.2,24,0,1000,35,49.5,9
2020-06-26,10:56:10,174.7,175,21.2,37,22,53.9,0,299.3,160.5,161.2,160.7,154,154.5,173.3,24,0,1000,35,49.3,9
2020-06-26,10:56:20,174.7,175,21.1,36,22.2,53.9,0,299.3,160.5,161.2,160.7,154.1,154.6,173.4,24,0,1000,35,48.4,9
2020-06-26,10:56:30,174.7,175,22.3,35.9,22.1,53.9,0,299.3,160.5,161.3,160.8,154.1,154.6,173.4,24,0,1000,35,48,9
2020-06-26,10:56:40,174.8,175,19,35.7,22.2,53.9,0,299.2,160.6,161.3,160.8,154.1,154.7,173.6,24,0,1000,35,48.1,9
2020-06-26,10:56:50,174.8,175,19.4,33.2,22.8,53.9,0,299.3,160.6,161.4,160.8,154.1,154.8,173.6,24,0,1000,35,49.2,9
2020-06-26,10:57:00,174.9,175,17.5,33.6,22.7,53.9,0,299.4,160.6,161.4,160.8,154,154.8,173.5,24,0,1000,35,50,9
2020-06-26,10:57:10,174.9,175,18.9,26,22.4,53.9,0,299.4,160.8,161.5,161,154.2,154.9,173.4,24,0,1000,35,47.4,9
2020-06-26,10:57:20,175,175,17.8,31.8,22.4,53.9,0,299.2,160.8,161.5,161,154.4,155.1,173.2,24,0,1000,35,49.2,9
2020-06-26,10:57:30,175,175,16.7,33.1,22.8,53.9,0,299.3,160.8,161.5,161,154.3,155.1,173.1,24,0,1000,35,50.7,9
2020-06-26,10:57:40,175.1,175,15,34.2,22.4,53.9,0,299.2,160.9,161.6,161,154.3,155.1,173,24,0,1000,35,51.3,9
2020-06-26,10:57:50,175.1,175,15.8,35.1,21.8,53.9,0,299.3,160.8,161.6,161,154.3,155.2,173.1,24,0,1000,35,51,9
2020-06-26,10:58:00,175.1,175,16.7,36,22,53.9,0,299.3,160.8,161.7,161,154.3,155.3,172.7,24,0,1000,35,50.4,9
2020-06-26,10:58:10,175.1,175,16,35,22.8,53.9,0,299.4,160.9,161.7,161,154.3,155.3,172.5,24,0,1000,35,50.1,9
2020-06-26,10:58:20,175.1,175,17.5,34.5,22.1,53.9,0,298.7,160.9,161.7,161,154.2,155.4,172.4,24,0,1000,35,50.7,9
2020-06-26,10:58:30,175.2,175,15.1,35.2,22.5,53.9,0,299.2,160.9,161.7,161,154.2,155.4,172.1,24,0,1000,35,51,9
2020-06-26,10:58:40,175.2,175,15.5,35,22.1,53.9,0,299.4,160.9,161.7,161,154.4,155.4,172,24,0,1000,35,50.1,9
2020-06-26,10:58:50,175.2,175,15.8,38.7,27.1,53.9,0,299.6,160.9,161.7,161,154.4,155.5,171.7,24,0,1000,35,51,9
2020-06-26,10:59:00,175.1,175,17.4,40,22,53.9,0,299.4,161,161.7,161.1,154.4,155.5,171.4,24,0,1000,35,51.6,9
2020-06-26,10:59:10,175.1,175,18,37.2,22.8,53.9,0,299.2,160.9,161.6,161,154.5,155.6,171.4,24,0,1000,35,50.7,9
2020-06-26,10:59:20,175.1,175,18.2,35.5,22.1,53.9,0,299,160.9,161.7,161,154.5,155.6,171.4,24,0,1000,35,50,9
2020-06-26,10:59:30,175.1,175,16.7,34.8,22.7,53.9,0,299.3,160.9,161.6,161,154.5,155.7,171.4,24,0,1000,35,49.8,9
2020-06-26,10:59:40,175.1,174.2,1.1,0.1,22.8,53.9,60.2,517.8,160.8,161.6,161,154.4,155.7,171.4,24,0,1000,-70,100,9
2020-06-26,10:59:50,175,173.4,0,1.5,23.5,53.9,60,570.3,160.8,161.5,160.8,154.4,155.7,171.1,24,0,1000,-70,100,9
2020-06-26,11:00:00,174.9,172.5,0,1.5,22.8,53.9,59.8,575.2,160.6,161.4,160.7,154.2,155.7,170.8,24,0,1000,-70,100,9
2020-06-26,11:00:10,174.8,171.7,0,1.9,22.9,53.9,59.7,576.7,160.5,161.2,160.6,154.1,155.6,170.2,24,0,1000,-70,100,9
2020-06-26,11:00:20,174.7,170.9,0,0.7,22.1,53.9,59.5,577.6,160.2,161,160.4,154,155.5,169.2,24,0,1000,-70,100,9
2020-06-26,11:00:30,174.4,170,0,2.5,22.8,53.9,59.4,577.9,160,160.7,160.2,153.6,155.3,168.3,24,0,1000,-70,100,9
2020-06-26,11:00:40,174.3,169.2,0,3,21.8,53.9,59.4,578.4,159.8,160.5,160,153.2,155.1,167.2,24,0,1000,-70,100,9
2020-06-26,11:00:50,174,168.4,0,3,22.8,53.9,59.4,578.5,159.5,160.1,159.7,152.9,155,166.2,24,0,1000,-70,100,9
2020-06-26,11:01:00,173.8,167.5,0,2,23.5,53.9,59.3,578.8,159.2,159.8,159.3,152.4,154.8,165.3,24,0,1000,-70,100,9
2020-06-26,11:01:10,173.4,166.7,0,3.1,22.8,53.9,59.3,579.1,158.9,159.4,159,152,154.6,164.3,24,0,1000,-70,100,9
2020-06-26,11:01:20,173.2,165.9,0,2,22.8,53.9,59.3,579.7,158.5,159,158.6,151.5,154.4,163.4,24,0,1000,-70,100,9
2020-06-26,11:01:30,172.9,165,0,3.1,22.8,53.9,59.3,579.4,158.2,158.6,158.3,151.2,154.1,162.5,24,0,1000,-70,100,9
2020-06-26,11:01:40,172.5,164.2,0,2.9,23.1,53.9,59.2,579.3,157.8,158.2,157.9,150.7,153.9,161.7,24,0,1000,-70,100,9
2020-06-26,11:01:50,172.2,163.4,0,2.6,22.8,53.9,59.2,580.2,157.4,157.8,157.5,150.2,153.7,160.7,24,0,1000,-70,100,9
2020-06-26,11:02:00,171.8,162.5,0,3.1,22.8,53.9,59.2,579.6,157.1,157.4,157.1,149.7,153.5,159.9,24,0,1000,-70,100,9
2020-06-26,11:02:10,171.5,161.7,0,2,23.3,53.9,59.2,580.4,156.7,156.9,156.7,149.2,153.3,159.1,24,0,1000,-70,100,9
2020-06-26,11:02:20,171.1,160.9,0,2,22.8,53.9,59.2,580.3,156.3,156.5,156.2,148.8,153,158.3,24,0,1000,-70,100,9
2020-06-26,11:02:30,170.8,160,0,3.1,22.8,53.9,59.2,580.8,155.9,156,155.8,148.2,152.7,157.6,24,0,1000,-70,100,9
2020-06-26,11:02:40,170.4,159.2,0,2.1,22.8,53.9,59.2,580.8,155.5,155.6,155.4,147.6,152.5,156.9,24,0,1000,-70,100,9
2020-06-26,11:02:50,170,158.4,0,3.1,22.2,53.9,59.2,581.4,155.1,155.1,154.9,147.2,152.2,156.2,24,0,1000,-70,100,9
2020-06-26,11:03:00,169.6,157.5,0,2.1,22.8,53.9,59.2,581,154.7,154.7,154.5,146.7,151.9,155.5,24,0,1000,-70,100,9
2020-06-26,11:03:10,169.3,156.7,0,3.1,22.8,53.9,59.2,581,154.3,154.2,154.1,146.1,151.6,155,24,0,1000,-70,100,9
2020-06-26,11:03:20,168.9,155.9,0,3.1,22.8,53.9,59.1,581.5,153.9,153.8,153.7,145.5,151.4,154.4,24,0,1000,-70,100,9
2020-06-26,11:03:30,168.5,155,0,3.1,22.8,53.9,59.1,581.9,153.5,153.3,153.3,145.1,151.1,153.8,24,0,1000,-70,100,9
2020-06-26,11:03:40,168.1,154.2,0,3.7,23.2,53.9,59.1,581.6,153.1,152.9,152.9,144.5,150.8,153.3,24,0,1000,-70,100,9
2020-06-26,11:03:50,167.7,153.4,0,3.1,23.8,53.9,59.1,582,152.7,152.5,152.5,144,150.5,152.8,24,0,1000,-70,100,9
2020-06-26,11:04:00,167.4,152.5,0,7.9,28.5,53.9,59.1,582.4,152.3,152,152,143.7,150.3,152.3,24,0,1000,-70,100,9
2020-06-26,11:04:10,167,151.7,0,3.1,22.9,53.9,59.1,582,151.9,151.6,151.6,143.5,150,151.9,24,0,1000,-70,100,9
2020-06-26,11:04:20,166.7,150.9,0,2,23.3,53.9,59.1,582.2,151.5,151.2,151.2,143,149.7,151.4,24,0,1000,-70,100,9
2020-06-26,11:04:30,166.3,150,0,2.9,23.1,53.9,59.1,582.7,151.2,150.7,150.6,142.7,149.4,150.8,24,0,1000,-70,100,9
2020-06-26,11:04:40,165.9,149.2,0,3.1,23.5,53.9,59.1,583,150.8,150.4,150.2,142.3,149.1,150.4,24,0,1000,-70,100,9
2020-06-26,11:04:50,165.6,148.4,0,3.1,23,53.9,59.1,582.9,150.4,149.9,149.9,141.8,148.9,150,24,0,1000,-70,100,9
2020-06-26,11:05:00,165.2,147.5,0,3.1,23,53.9,59.1,582.7,150,149.6,149.6,141.2,148.7,149.5,24,0,1000,-70,100,9
2020-06-26,11:05:10,164.9,146.7,0,2,22.7,53.9,59.1,583,149.7,149.1,149.2,140.9,148.4,149.1,24,0,1000,-70,100,9
2020-06-26,11:05:20,164.5,145.9,0,3.1,23.5,53.8,59.1,583.4,149.3,148.8,148.8,140.4,148.2,148.8,24,0,1000,-70,100,9
2020-06-26,11:05:30,164.2,145,0,2.3,22.8,53.9,59.1,583.2,148.9,148.4,148.5,140,147.9,148.4,24,0,1000,-70,100,9
2020-06-26,11:05:40,163.8,144.2,0,3.6,22.8,53.9,59.1,583.7,148.5,148,148.2,139.7,147.6,148,24,0,1000,-70,100,9
2020-06-26,11:05:50,163.4,143.4,0,3.5,23.8,53.9,59.1,583.5,148.2,147.6,147.8,139.3,147.3,147.6,24,0,1000,-70,100,9
2020-06-26,11:06:00,163.1,142.5,0,3.1,22.8,53.9,59.1,583.7,147.8,147.3,147.4,138.8,147.1,147.2,24,0,1000,-70,100,9
2020-06-26,11:06:10,162.7,141.7,0,3.1,22.8,53.8,59.1,584,147.4,146.9,147.1,138.5,146.8,146.9,24,0,1000,-70,100,9
2020-06-26,11:06:20,162.4,140.9,0,3.1,23,53.8,59.1,583.9,147.1,146.6,146.8,138.1,146.5,146.5,24,0,1000,-70,100,9
2020-06-26,11:06:30,162,140,0,3.1,22.8,53.8,59.1,583.9,146.8,146.1,146.4,137.7,146.2,146.2,24,0,1000,-70,100,9
2020-06-26,11:06:40,161.7,139.2,0,3.3,22.8,53.8,59.1,583.7,146.5,145.8,146.1,137.3,145.9,145.8,24,0,1000,-70,100,9
2020-06-26,11:06:50,161.4,138.4,0,3.1,22.9,53.8,59.1,583.9,146.1,145.5,145.8,137,145.6,145.5,24,0,1000,-70,100,9
2020-06-26,11:07:00,161.1,137.5,0,3.1,23.3,53.8,59.1,584.1,145.8,145.2,145.5,136.7,145.4,145.2,24,0,1000,-70,100,9
2020-06-26,11:07:10,160.7,136.7,0,3.3,23.1,53.8,59.1,584,145.5,144.8,145.2,136.2,145.1,144.8,24,0,1000,-70,100,9
2020-06-26,11:07:20,160.4,135.9,0,3.1,23.4,53.8,59.1,584.4,145.2,144.6,144.8,135.9,144.9,144.5,24,0,1000,-70,100,9
2020-06-26,11:07:30,160.1,135,0,3.1,23.7,53.8,59.1,584,144.9,144.2,144.4,135.6,144.6,144.2,24,0,1000,-70,100,9
2020-06-26,11:07:40,159.8,134.2,0,3.4,23.1,53.8,59.1,584.1,144.6,143.9,144.1,135.3,144.3,143.8,24,0,1000,-70,100,9
2020-06-26,11:07:50,159.5,133.4,0,3.1,22.8,53.8,59.1,584.5,144.3,143.5,143.8,135,144,143.5,24,0,1000,-70,100,9
2020-06-26,11:08:00,159.2,132.5,0,3.1,22.8,53.8,59.1,584.1,143.9,143.2,143.5,134.6,143.8,143.2,24,0,1000,-70,100,9
2020-06-26,11:08:10,158.9,131.7,0,3.6,22.9,53.8,59.1,584.2,143.6,142.9,143.2,134.2,143.5,142.9,24,0,1000,-70,100,9
2020-06-26,11:08:20,158.6,130.9,0,3.1,22.9,53.8,59,584.8,143.4,142.5,142.9,133.8,143.3,142.6,24,0,1000,-70,100,9
2020-06-26,11:08:30,158.3,130,0,3.1,22.8,53.8,59,584.8,143,142.2,142.6,133.5,143,142.3,24,0,1000,-70,100,9
2020-06-26,11:08:40,157.9,129.2,0,3.1,22.9,53.8,59,584.9,142.7,141.9,142.3,133.3,142.7,142,24,0,1000,-70,100,9
2020-06-26,11:08:50,157.7,128.4,0,3,23.2,53.8,59,585,142.5,141.6,142.1,133.1,142.5,141.8,24,0,1000,-70,100,9
2020-06-26,11:09:00,157.4,127.5,0,3.1,23.3,53.8,59,584.6,142.2,141.4,141.8,132.8,142.2,141.4,24,0,1000,-70,100,9
2020-06-26,11:09:10,157.1,126.7,0,3.1,22.9,53.8,59,584.9,141.9,141.1,141.4,132.4,142,141.2,24,0,1000,-70,100,9
2020-06-26,11:09:20,156.8,125.9,0,3.8,23.4,53.8,59,585.5,141.6,140.8,141.2,132.1,141.8,140.9,24,0,1000,-70,100,9
2020-06-26,11:09:30,156.6,125,0,3.3,22.9,53.8,59,585.5,141.3,140.5,140.9,131.8,141.5,140.6,24,0,1000,-70,100,9
2020-06-26,11:09:40,156.3,124.2,0,3.1,22.9,53.8,59,585.5,141,140.1,140.6,131.5,141.2,140.4,24,0,1000,-70,100,9
2020-06-26,11:09:50,155.9,123.4,0,3.1,23.5,53.8,59,585.7,140.7,139.9,140.3,131.2,141,140.1,24,0,1000,-70,100,9
2020-06-26,11:10:00,155.7,122.5,0,3.1,23.5,53.8,59,585.7,140.4,139.6,140,130.9,140.7,139.8,24,0,1000,-70,100,9
2020-06-26,11:10:10,155.4,121.7,0,3.1,23.5,53.8,59,586.1,140.1,139.3,139.8,130.7,140.4,139.5,24,0,1000,-70,100,9
2020-06-26,11:10:20,155.1,120.9,0,3.1,22.9,53.8,59,586.3,139.8,139,139.5,130.3,140.2,139.3,24,0,1000,-70,100,9
2020-06-26,11:10:30,154.9,120,0,3.1,23.7,53.8,59,586.7,139.6,138.7,139.2,130,140,139,24,0,1000,-70,100,9
2020-06-26,11:10:40,154.6,119.2,0,3.8,23.4,53.8,59,586.4,139.3,138.5,138.9,129.7,139.7,138.8,24,0,1000,-70,100,9
2020-06-26,11:10:50,154.3,118.4,0,3.1,22.9,53.8,59,586.2,139,138.2,138.7,129.4,139.5,138.5,24,0,1000,-70,100,9
2020-06-26,11:11:00,154.1,117.5,0,3.1,23.1,53.8,59,586.1,138.8,137.9,138.4,129.1,139.2,138.2,24,0,1000,-70,100,9
2020-06-26,11:11:10,153.8,116.7,0,3.3,23.5,53.8,59,585.5,138.5,137.7,138.1,128.8,139,138,24,0,1000,-70,100,9
2020-06-26,11:11:20,153.5,115.9,0,3.1,23.8,53.8,59,585.6,138.2,137.4,137.8,128.5,138.7,137.8,24,0,1000,-70,100,9
2020-06-26,11:11:30,153.3,115,0,3.1,23.2,53.8,59,586.1,138,137.1,137.6,128.2,138.5,137.5,24,0,1000,-70,100,9
2020-06-26,11:11:40,153,114.2,0,3.1,23.1,53.8,59,585.7,137.8,136.9,137.3,128,138.2,137.2,24,0,1000,-70,100,9
2020-06-26,11:11:50,152.8,113.4,0,3.5,22.8,53.8,59,585.7,137.5,136.7,137.1,127.8,138,137,24,0,1000,-70,100,9
2020-06-26,11:12:00,152.5,112.5,0,3.1,22.8,53.8,59,586.3,137.3,136.4,136.8,127.5,137.8,136.7,24,0,1000,-70,100,9
2020-06-26,11:12:10,152.2,111.7,0,3.1,23.8,53.8,59,586.2,137.1,136.2,136.6,127.3,137.5,136.5,24,0,1000,-70,100,9
2020-06-26,11:12:20,151.9,110.9,0,3.1,22.8,53.8,59,585.6,136.8,135.9,136.3,127,137.3,136.2,24,0,1000,-70,100,9
2020-06-26,11:12:30,151.6,110,0,3.4,22.9,53.8,59,585.6,136.5,135.6,136,126.8,137,136,24,0,1000,-70,100,9
2020-06-26,11:12:40,151.5,109.2,0,3.8,23.4,53.8,59,585.8,136.3,135.3,135.8,126.6,136.7,135.7,24,0,1000,-70,100,9
2020-06-26,11:12:50,151.2,108.4,0,3.1,23.3,53.8,59,586.1,136,135.1,135.6,126.5,136.5,135.5,24,0,1000,-70,100,9
2020-06-26,11:13:00,150.9,107.5,0,3.1,22.8,53.8,59,586.2,135.8,134.9,135.3,126.4,136.3,135.3,24,0,1000,-70,100,9
2020-06-26,11:13:10,150.7,106.7,0,3.1,23.4,53.8,59,586.3,135.6,134.6,135.1,126,136,135,24,0,1000,-70,100,9
2020-06-26,11:13:20,150.4,105.9,0,3.3,22.9,53.8,59,586.1,135.3,134.3,134.8,125.9,135.8,134.8,24,0,1000,-70,100,9
2020-06-26,11:13:30,150.2,105,0,3.2,23.8,53.8,59,585.9,135,134.1,134.6,125.6,135.6,134.6,24,0,1000,-70,100,9
2020-06-26,11:13:40,150,104.2,0,3.9,23.5,53.8,59,585.8,134.8,133.9,134.3,125.3,135.3,134.3,24,0,1000,-70,100,9
2020-06-26,11:13:50,149.7,103.4,0,7.6,28.9,53.8,59,586.1,134.5,133.7,134,125.2,135.1,134,24,0,1000,-70,100,9
2020-06-26,11:14:00,149.5,102.5,0,4,23.1,53.8,59,585.7,134.3,133.5,133.7,125,134.8,133.8,24,0,1000,-70,100,9
2020-06-26,11:14:10,149.3,101.7,0,3.2,22.8,53.8,59,586.3,134.1,133.2,133.4,124.8,134.6,133.5,24,0,1000,-70,100,9
2020-06-26,11:14:20,149,100.9,0,3.1,23.4,53.8,59,586.3,133.9,133.1,133.2,124.5,134.3,133.3,24,0,1000,-70,100,9
2020-06-26,11:14:30,148.8,100,0,3.1,23.5,53.8,59,587.1,133.6,132.8,133,124.3,134.1,133.1,24,0,1000,-70,100,9
2020-06-26,11:14:40,148.6,99.2,0,3.1,23.7,53.8,59,586.6,133.4,132.6,132.8,123.9,133.9,132.8,24,0,1000,-70,100,9
2020-06-26,11:14:50,148.3,98.4,0,3.1,23.4,53.8,59,585.9,133.1,132.3,132.6,123.7,133.7,132.7,24,0,1000,-70,100,9
2020-06-26,11:15:00,148.1,97.5,0,3.1,23.3,53.8,59,586.8,132.9,132,132.4,123.5,133.5,132.4,24,0,1000,-70,100,9
2020-06-26,11:15:10,147.9,96.7,0,3.2,22.8,53.8,59,586.4,132.7,131.8,132.2,123.2,133.3,132.3,24,0,1000,-70,100,9
2020-06-26,11:15:20,147.6,95.9,0,3.1,22.8,53.8,59,586.5,132.4,131.6,132,123,133.1,132,24,0,1000,-70,100,9
2020-06-26,11:15:30,147.4,95,0,4,22.8,53.8,59,586.1,132.2,131.3,131.7,122.8,132.9,131.7,24,0,1000,-70,100,9
2020-06-26,11:15:40,147.2,94.2,0,3.1,23.1,53.8,59,586.8,132,131.1,131.5,122.7,132.6,131.5,24,0,1000,-70,100,9
2020-06-26,11:15:50,146.9,93.4,0,3.7,23.7,53.8,59,586.7,131.7,130.9,131.3,122.6,132.4,131.3,24,0,1000,-70,100,9
2020-06-26,11:16:00,146.7,92.5,0,3.2,22.8,53.8,59,586.6,131.5,130.7,131,122.3,132.2,131.1,24,0,1000,-70,100,9
2020-06-26,11:16:10,146.5,91.7,0,2.4,22.9,53.8,59,586.5,131.3,130.5,130.8,121.9,131.9,130.9,24,0,1000,-70,100,9
2020-06-26,11:16:20,146.3,90.9,0,8,29.1,53.8,59,586.1,131.1,130.3,130.4,122,131.6,130.6,24,0,1000,-70,100,9
2020-06-26,11:16:30,146,90,0,3.9,23.2,53.8,59,585.9,130.9,130.1,130.1,121.9,131.3,130.3,24,0,1000,-70,100,9
2020-06-26,11:16:40,145.8,89.2,0,3.7,23.8,53.8,59,586,130.7,129.9,129.9,121.6,131.2,130.1,24,0,1000,-70,100,9
2020-06-26,11:16:50,145.5,88.4,0,3.1,23.8,53.8,59,586.2,130.4,129.6,129.7,121.4,131,129.9,24,0,1000,-70,100,9
2020-06-26,11:17:00,145.4,87.5,0,3.8,23.3,53.8,59,586.4,130.2,129.4,129.5,121,130.8,129.7,24,0,1000,-70,100,9
2020-06-26,11:17:10,145.2,86.7,0,2.6,23.6,53.8,59,586.4,130,129.2,129.4,120.9,130.7,129.5,24,0,1000,-70,100,9
2020-06-26,11:17:20,144.9,85.9,0,3.3,23.5,53.8,59,586.2,129.8,129,129.2,120.7,130.4,129.3,24,0,1000,-70,100,9
2020-06-26,11:17:30,144.8,85,0,3.3,23.1,53.8,59,586.2,129.5,128.8,129,120.4,130.3,129.1,24,0,1000,-70,100,9
2020-06-26,11:17:40,144.5,84.2,0,3.1,22.6,53.8,59,586.9,129.4,128.5,128.8,120.1,130,128.9,24,0,1000,-70,100,9
2020-06-26,11:17:50,144.3,83.4,0,3.1,22.8,53.8,59,586.8,129.2,128.3,128.5,119.9,129.9,128.7,24,0,1000,-70,100,9
2020-06-26,11:18:00,144.1,82.5,0,4,23.5,53.8,59,586.3,128.9,128.1,128.3,119.7,129.6,128.4,24,0,1000,-70,100,9
2020-06-26,11:18:10,143.9,81.7,0,3.3,23.2,53.8,59,586.3,128.7,127.9,128.1,119.4,129.4,128.2,24,0,1000,-70,100,9
2020-06-26,11:18:20,143.6,80.9,0,8.5,29.2,53.8,59,586.2,128.5,127.7,127.9,119.2,129.2,128.1,24,0,1000,-70,100,9
2020-06-26,11:18:30,143.4,80,0,3.1,23.1,53.8,59,586.5,128.3,127.5,127.6,119,128.9,127.8,24,0,1000,-70,100,9
2020-06-26,11:18:40,143.2,79.2,0,3.1,22.6,53.8,59,586.7,128.1,127.3,127.4,118.8,128.8,127.6,24,0,1000,-70,100,9
2020-06-26,11:18:50,143,78.4,0,3.4,23,53.8,59,586.3,127.9,127.1,127.2,118.6,128.5,127.4,24,0,1000,-70,100,9
2020-06-26,11:19:00,142.8,77.5,0,3.7,23.7,53.8,59,586.6,127.7,126.9,127,118.5,128.3,127.2,24,0,1000,-70,100,9
2020-06-26,11:19:10,142.6,76.7,0,3.7,22.9,53.8,59,586.8,127.5,126.7,126.8,118.3,128.1,127,24,0,1000,-70,100,9
2020-06-26,11:19:20,142.4,75.9,0,3.6,23.6,53.8,59,586.4,127.3,126.5,126.6,118.2,127.9,126.8,24,0,1000,-70,100,9
2020-06-26,11:19:30,142.2,75,0,3.1,24.4,53.8,58.9,586.4,127.1,126.2,126.4,117.9,127.7,126.5,24,0,1000,-70,100,9
2020-06-26,11:19:40,141.9,74.2,0,3.1,23.8,53.8,58.9,586.2,126.9,126,126.3,117.7,127.4,126.4,24,0,1000,-70,100,9
2020-06-26,11:19:50,141.8,73.4,0,3.1,22.9,53.8,59,586.6,126.6,125.9,126.1,117.6,127.3,126.2,24,0,1000,-70,100,9
2020-06-26,11:20:00,141.6,72.5,0,3.1,23.5,53.8,59,586.3,126.4,125.6,125.9,117.5,127.1,125.9,24,0,1000,-70,100,9
2020-06-26,11:20:10,141.4,71.7,0,6.5,28.6,53.8,59,586.4,126.2,125.4,125.6,117.2,126.9,125.7,24,0,1000,-70,100,9
2020-06-26,11:20:20,141.1,70.9,0,3.1,23.1,53.8,59,586,126,125.2,125.3,117,126.6,125.5,24,0,1000,-70,100,9
2020-06-26,11:20:30,140.9,70,0,3.1,23.5,53.8,59,586.3,125.9,125,125.2,116.9,126.4,125.3,24,0,1000,-70,100,9
2020-06-26,11:20:40,140.7,69.2,0,3.2,23.7,53.8,59,586.2,125.6,124.8,125,116.8,126.3,125.1,24,0,1000,-70,100,9
2020-06-26,11:20:50,140.5,68.4,0,3.9,22.9,53.8,58.9,585.8,125.4,124.7,124.8,116.5,126.1,124.9,24,0,1000,-70,100,9
2020-06-26,11:21:00,140.4,67.5,0,2.2,23.2,53.8,58.9,586,125.2,124.5,124.6,116.4,125.9,124.7,24,0,1000,-70,100,9
2020-06-26,11:21:10,140.2,66.7,0,3.1,23.6,53.8,58.9,586.4,125,124.3,124.4,116.1,125.7,124.5,24,0,1000,-70,100,9
2020-06-26,11:21:20,139.9,65.9,0,3.1,23,53.8,58.9,586,124.8,124.1,124.2,115.8,125.5,124.3,24,0,1000,-70,100,9
2020-06-26,11:21:30,139.7,65,0,3.1,23.8,53.8,58.9,586.2,124.6,123.9,124,115.7,125.2,124.1,24,0,1000,-70,100,9
2020-06-26,11:21:40,139.5,64.2,0,3.1,22.8,53.8,58.9,586.5,124.4,123.7,123.8,115.5,125,123.9,24,0,1000,-70,100,9
2020-06-26,11:21:50,139.3,63.4,0,3.1,22.8,53.8,58.9,587,124.2,123.4,123.6,115.3,124.9,123.7,24,0,1000,-70,100,9
2020-06-26,11:22:00,139.1,62.5,0,3.1,22.9,53.8,58.9,586.9,124,123.2,123.4,115.1,124.7,123.5,24,0,1000,-70,100,9
2020-06-26,11:22:10,138.9,61.7,0,3.1,23,53.8,58.9,586.7,123.8,123,123.2,115,124.5,123.4,24,0,1000,-70,100,9
2020-06-26,11:22:20,138.7,60.9,0,3.1,22.8,53.8,58.9,586.7,123.6,122.8,123,114.8,124.3,123.2,24,0,1000,-70,100,9
2020-06-26,11:22:30,138.5,60,0,2.7,23.8,53.8,59,586,123.4,122.7,122.8,114.6,124.1,123,24,0,1000,-70,100,9
2020-06-26,11:22:40,138.3,59.2,0,3.6,24,53.8,59,586.6,123.2,122.4,122.6,114.4,123.9,122.7,24,0,1000,-70,100,9
2020-06-26,11:22:50,138.1,58.4,0,3.6,23.5,53.8,59,585.8,123,122.2,122.4,114.1,123.7,122.5,24,0,1000,-70,100,9
2020-06-26,11:23:00,137.9,57.5,0,3.1,23.3,53.8,59,586.6,122.9,122.1,122.2,114.1,123.5,122.3,24,0,1000,-70,100,9
2020-06-26,11:23:10,137.8,56.7,0,3.1,23.7,53.8,59,586.3,122.7,121.9,122,113.7,123.3,122.2,24,0,1000,-70,100,9
2020-06-26,11:23:20,137.5,55.9,0,3.1,22.9,53.8,59,586.7,122.4,121.7,121.9,113.7,123.2,121.9,24,0,1000,-70,100,9
2020-06-26,11:23:30,137.3,55,0,3.1,22.9,53.8,59,586.4,122.3,121.6,121.7,113.5,123,121.8,24,0,1000,-70,100,9
2020-06-26,11:23:40,137.1,54.2,0,3.3,23.9,53.8,59,586,122.1,121.3,121.5,113.4,122.7,121.6,24,0,1000,-70,100,9
2020-06-26,11:23:50,136.9,53.4,0,3.1,23.8,53.8,59,586.3,121.9,121.1,121.3,113.3,122.5,121.4,24,0,1000,-70,100,9
2020-06-26,11:24:00,136.7,52.5,0,4,23.7,53.8,59,586,121.7,120.9,121.1,113,122.3,121.2,24,0,1000,-70,100,9
2020-06-26,11:24:10,136.5,51.7,0,3.1,22.8,53.8,59,585.7,121.5,120.8,120.9,112.9,122.2,121,24,0,1000,-70,100,9
2020-06-26,11:24:20,136.4,50.9,0,3,22.9,53.8,59,586,121.3,120.5,120.7,112.6,121.9,120.8,24,0,1000,-70,100,9
2020-06-26,11:24:30,136.2,50,0,3.2,23,53.8,59,586,121.2,120.4,120.5,112.5,121.7,120.7,24,0,1000,-70,100,9
2020-06-26,11:24:40,136,49.2,0,3.6,23.8,53.8,58.9,586.2,120.9,120.2,120.4,112.3,121.6,120.5,24,0,1000,-70,100,9
2020-06-26,11:24:50,135.8,48.4,0,3.1,23.8,53.8,59,586.6,120.8,120.1,120.2,112.2,121.4,120.3,24,0,1000,-70,100,9
2020-06-26,11:25:00,135.6,47.5,0,3.1,23.7,53.8,59,586.2,120.6,119.8,120,112,121.2,120.1,24,0,1000,-70,100,9
2020-06-26,11:25:10,135.5,46.7,0,3.1,23.8,53.8,59,585.8,120.4,119.7,119.8,111.7,121,119.9,24,0,1000,-70,100,9
2020-06-26,11:25:20,135.3,45.9,0,3.1,23.7,53.8,59,586.5,120.2,119.5,119.6,111.6,120.8,119.7,24,0,1000,-70,100,9
2020-06-26,11:25:30,135.1,45,0,3.7,22.9,53.8,59,586.1,120,119.3,119.3,111.5,120.6,119.4,24,0,1000,-70,100,9
2020-06-26,11:25:40,134.9,44.2,0,3.3,24.6,53.8,58.9,586,119.8,119.2,119.2,111.2,120.5,119.3,24,0,1000,-70,100,9
2020-06-26,11:25:50,134.7,43.4,0,3.1,23,53.8,58.9,585.8,119.7,119,119,111.1,120.2,119.1,24,0,1000,-70,100,9
2020-06-26,11:26:00,134.5,42.5,0,3.1,23.4,53.8,59,585.8,119.4,118.8,118.8,110.9,120,119,24,0,1000,-70,100,9
2020-06-26,11:26:10,134.3,41.7,0,3.1,23.8,53.8,58.9,586.1,119.3,118.6,118.6,110.7,119.9,118.7,24,0,1000,-70,100,9
2020-06-26,11:26:20,134.2,40.9,0,3.3,23.4,53.8,58.9,586.1,119.1,118.4,118.5,110.6,119.7,118.7,24,0,1000,-70,100,9
2020-06-26,11:26:30,134,40,0,3.1,23.8,53.8,59,585.9,119,118.3,118.3,110.4,119.5,118.5,24,0,1000,-70,100,9
2020-06-26,11:26:40,133.9,39.2,0,3.2,23.8,53.8,58.9,585.8,118.7,118.1,118.1,110.2,119.4,118.3,24,0,1000,-70,100,9
2020-06-26,11:26:50,133.6,38.4,0,3.3,24.8,53.8,59,585.9,118.6,117.9,117.9,110.3,119.2,118.1,24,0,1000,-70,100,9
2020-06-26,11:27:00,133.4,37.5,0,3.1,23.8,53.8,58.9,585.7,118.4,117.7,117.7,110,119,117.9,24,0,1000,-70,100,9
2020-06-26,11:27:10,133.2,36.7,0,3.1,23.9,53.8,58.9,585.6,118.2,117.6,117.6,109.8,118.8,117.7,24,0,1000,-70,100,9
2020-06-26,11:27:20,133.1,35.9,0,3.1,23.8,53.8,58.9,585.7,118,117.4,117.4,109.6,118.7,117.5,24,0,1000,-70,100,9
2020-06-26,11:27:30,132.8,35,0,3.1,23.8,53.8,58.9,585.3,117.9,117.2,117.2,109.5,118.4,117.3,24,0,1000,-70,100,9
2020-06-26,11:27:40,132.7,34.2,0,3.7,22.8,53.8,58.9,586.1,117.7,117,117,109.3,118.3,117.2,24,0,1000,-70,100,9
2020-06-26,11:27:50,132.5,33.4,0,3.1,23.5,53.8,58.9,585.2,117.5,116.9,116.8,109.2,118.1,117,24,0,1000,-70,100,9
2020-06-26,11:28:00,132.3,32.5,0,3.1,22.8,53.8,58.9,585.2,117.3,116.7,116.6,109,117.9,116.8,24,0,1000,-70,100,9
2020-06-26,11:28:10,132.2,31.7,0,3.1,23.5,53.8,58.9,585.9,117.2,116.5,116.5,108.8,117.7,116.6,24,0,1000,-70,100,9
2020-06-26,11:28:20,132,30.9,0,3.1,23.7,53.8,58.9,586.1,117,116.4,116.3,108.6,117.6,116.5,24,0,1000,-70,100,9
2020-06-26,11:28:30,131.8,30,0,3.4,23.7,53.8,58.9,585.9,116.8,116.2,116.1,108.5,117.4,116.2,24,0,1000,-70,100,9
2020-06-26,11:28:40,131.7,29.2,0,7.1,27.8,53.8,58.9,586.4,116.7,116,116,108.3,117.2,116.1,24,0,1000,-70,100,9
2020-06-26,11:28:50,131.5,28.4,0,3.1,23.8,53.8,58.9,586,116.5,115.9,115.8,108.2,117,115.9,24,0,1000,-70,100,9
2020-06-26,11:29:00,131.3,27.5,0,3.1,22.9,53.8,58.9,586,116.3,115.7,115.6,108,116.9,115.8,24,0,1000,-70,100,9
2020-06-26,11:29:10,131.1,26.7,0,3.1,23,53.8,58.9,585.7,116.1,115.5,115.4,107.8,116.7,115.5,24,0,1000,-70,100,9
2020-06-26,11:29:20,131,25.9,0,3.1,24.6,53.8,58.9,585.6,116,115.4,115.3,107.8,116.5,115.4,24,0,1000,-70,100,9
2020-06-26,11:29:30,130.8,25,0,3.1,24.1,53.8,58.9,586,115.8,115.2,115.1,107.6,116.3,115.3,24,0,1000,-70,100,9
2020-06-26,11:29:40,130.6,25,0,31.8,24.1,53.8,58.9,585.7,115.6,115.1,114.9,107.4,116.1,115.1,24,0,1000,-70,0,8
2020-06-26,11:29:50,130.5,25,0,132.5,23.7,53.8,58.9,585.6,115.5,114.9,114.8,107.3,116,114.9,24,0,1000,-70,0,8
2020-06-26,11:30:00,130.3,25,0,160.3,24.7,53.8,58.9,585.6,115.3,114.7,114.7,107.1,115.9,114.7,24,0,1000,-70,0,8
2020-06-26,11:30:10,130.2,25,0,164.4,23.8,53.8,58.9,585.7,115.1,114.5,114.5,107,115.7,114.6,24,0,1000,-70,0,8
2020-06-26,11:30:20,130,130,0,-25.6,11.4,30,0,3.1,115,114.4,114.4,106.8,115.5,114.4,24,0,1000,-70,0,8
2020-06-26,11:30:30,129.9,129.9,0,-29.7,11.9,30,0,3,114.9,114.4,114.3,106.9,115.5,114.3,24,0,1000,-70,0,8
2020-06-26,11:30:40,129.9,129.9,0,-29.9,10.9,30,0,3.1,114.8,114.3,114.2,107.1,115.4,114.2,24,0,1000,-70,0,8
2020-06-26,11:30:50,129.9,129.9,0,-29,11.2,30,0,3.1,114.8,114.3,114.1,107.3,115.4,114.1,24,0,1000,-70,0,8
2020-06-26,11:31:00,129.9,129.9,0,-30.3,10.9,30,0,3,114.7,114.3,114,107.4,115.3,114.1,24,0,1000,-70,0,8
2020-06-26,11:31:10,129.9,129.9,0,-29,11.8,30,0,3.1,114.6,114.1,114,107.6,115.3,114.1,24,0,1000,-70,0,8
2020-06-26,11:31:20,129.9,129.9,0,-29,11.6,30,0,3,114.6,114.1,113.9,107.7,115.3,114.1,24,0,1000,-70,0,8
2020-06-26,11:31:30,129.8,129.8,0,-29.6,11,30,0,3.1,114.5,114.1,113.8,107.7,115.3,114.1,24,0,1000,-70,0,8
2020-06-26,11:31:40,129.8,129.8,0,-29.9,10.9,30,0,3.1,114.4,114,113.8,107.8,115.2,114,24,0,1000,-70,0,8
2020-06-26,11:31:50,129.8,129.8,0,-30,11.7,30,0,3,114.4,114,113.7,108,115.1,114,24,0,1000,-70,0,8
2020-06-26,11:32:00,129.7,129.7,0,-29.4,10.9,30,0,3.1,114.3,113.9,113.7,108,115.1,114,24,0,1000,-70,0,8
2020-06-26,11:32:10,129.7,129.7,0,-29.9,10.9,30,0,3,114.3,113.9,113.6,108.1,115.1,113.9,24,0,1000,-70,0,8
2020-06-26,11:32:20,129.6,129.6,0,-30,11.7,30,0,3,114.2,113.8,113.6,108.1,115.1,113.9,24,0,1000,-70,0,8
2020-06-26,11:32:30,129.5,129.5,0,-30,10.9,30,0,3.1,114.1,113.8,113.5,108.3,115,113.8,24,0,1000,-70,0,8
